,owner,fake,original,fake,original,target
0,014,01,01,NFI-00101014.png,NFI-01401014.png,0
1,014,01,02,NFI-00101014.png,NFI-01402014.png,0
2,014,01,03,NFI-00101014.png,NFI-01403014.png,0
3,014,01,04,NFI-00101014.png,NFI-01404014.png,0
4,014,01,05,NFI-00101014.png,NFI-01405014.png,0
5,014,02,01,NFI-00102014.png,NFI-01401014.png,0
6,014,02,02,NFI-00102014.png,NFI-01402014.png,0
7,014,02,03,NFI-00102014.png,NFI-01403014.png,0
8,014,02,04,NFI-00102014.png,NFI-01404014.png,0
9,014,02,05,NFI-00102014.png,NFI-01405014.png,0
10,014,03,01,NFI-00103014.png,NFI-01401014.png,0
11,014,03,02,NFI-00103014.png,NFI-01402014.png,0
12,014,03,03,NFI-00103014.png,NFI-01403014.png,0
13,014,03,04,NFI-00103014.png,NFI-01404014.png,0
14,014,03,05,NFI-00103014.png,NFI-01405014.png,0
15,014,04,01,NFI-00104014.png,NFI-01401014.png,0
16,014,04,02,NFI-00104014.png,NFI-01402014.png,0
17,014,04,03,NFI-00104014.png,NFI-01403014.png,0
18,014,04,04,NFI-00104014.png,NFI-01404014.png,0
19,014,04,05,NFI-00104014.png,NFI-01405014.png,0
20,014,05,01,NFI-00105014.png,NFI-01401014.png,0
21,014,05,02,NFI-00105014.png,NFI-01402014.png,0
22,014,05,03,NFI-00105014.png,NFI-01403014.png,0
23,014,05,04,NFI-00105014.png,NFI-01404014.png,0
24,014,05,05,NFI-00105014.png,NFI-01405014.png,0
25,019,01,01,NFI-00101019.png,NFI-01901019.png,0
26,019,01,02,NFI-00101019.png,NFI-01902019.png,0
27,019,01,03,NFI-00101019.png,NFI-01903019.png,0
28,019,01,04,NFI-00101019.png,NFI-01904019.png,0
29,019,01,05,NFI-00101019.png,NFI-01905019.png,0
30,019,02,01,NFI-00102019.png,NFI-01901019.png,0
31,019,02,02,NFI-00102019.png,NFI-01902019.png,0
32,019,02,03,NFI-00102019.png,NFI-01903019.png,0
33,019,02,04,NFI-00102019.png,NFI-01904019.png,0
34,019,02,05,NFI-00102019.png,NFI-01905019.png,0
35,019,03,01,NFI-00103019.png,NFI-01901019.png,0
36,019,03,02,NFI-00103019.png,NFI-01902019.png,0
37,019,03,03,NFI-00103019.png,NFI-01903019.png,0
38,019,03,04,NFI-00103019.png,NFI-01904019.png,0
39,019,03,05,NFI-00103019.png,NFI-01905019.png,0
40,019,04,01,NFI-00104019.png,NFI-01901019.png,0
41,019,04,02,NFI-00104019.png,NFI-01902019.png,0
42,019,04,03,NFI-00104019.png,NFI-01903019.png,0
43,019,04,04,NFI-00104019.png,NFI-01904019.png,0
44,019,04,05,NFI-00104019.png,NFI-01905019.png,0
45,019,05,01,NFI-00105019.png,NFI-01901019.png,0
46,019,05,02,NFI-00105019.png,NFI-01902019.png,0
47,019,05,03,NFI-00105019.png,NFI-01903019.png,0
48,019,05,04,NFI-00105019.png,NFI-01904019.png,0
49,019,05,05,NFI-00105019.png,NFI-01905019.png,0
50,025,01,01,NFI-00101025.PNG,NFI-02501025.PNG,0
51,025,01,02,NFI-00101025.PNG,NFI-02502025.PNG,0
52,025,01,03,NFI-00101025.PNG,NFI-02503025.PNG,0
53,025,01,04,NFI-00101025.PNG,NFI-02504025.PNG,0
54,025,01,05,NFI-00101025.PNG,NFI-02505025.PNG,0
55,025,02,01,NFI-00102025.PNG,NFI-02501025.PNG,0
56,025,02,02,NFI-00102025.PNG,NFI-02502025.PNG,0
57,025,02,03,NFI-00102025.PNG,NFI-02503025.PNG,0
58,025,02,04,NFI-00102025.PNG,NFI-02504025.PNG,0
59,025,02,05,NFI-00102025.PNG,NFI-02505025.PNG,0
60,025,03,01,NFI-00103025.PNG,NFI-02501025.PNG,0
61,025,03,02,NFI-00103025.PNG,NFI-02502025.PNG,0
62,025,03,03,NFI-00103025.PNG,NFI-02503025.PNG,0
63,025,03,04,NFI-00103025.PNG,NFI-02504025.PNG,0
64,025,03,05,NFI-00103025.PNG,NFI-02505025.PNG,0
65,025,04,01,NFI-00104025.PNG,NFI-02501025.PNG,0
66,025,04,02,NFI-00104025.PNG,NFI-02502025.PNG,0
67,025,04,03,NFI-00104025.PNG,NFI-02503025.PNG,0
68,025,04,04,NFI-00104025.PNG,NFI-02504025.PNG,0
69,025,04,05,NFI-00104025.PNG,NFI-02505025.PNG,0
70,025,05,01,NFI-00105025.PNG,NFI-02501025.PNG,0
71,025,05,02,NFI-00105025.PNG,NFI-02502025.PNG,0
72,025,05,03,NFI-00105025.PNG,NFI-02503025.PNG,0
73,025,05,04,NFI-00105025.PNG,NFI-02504025.PNG,0
74,025,05,05,NFI-00105025.PNG,NFI-02505025.PNG,0
75,026,01,01,NFI-00101026.PNG,NFI-02601026.PNG,0
76,026,01,02,NFI-00101026.PNG,NFI-02602026.PNG,0
77,026,01,03,NFI-00101026.PNG,NFI-02603026.PNG,0
78,026,01,04,NFI-00101026.PNG,NFI-02604026.PNG,0
79,026,01,05,NFI-00101026.PNG,NFI-02605026.PNG,0
80,026,02,01,NFI-00102026.PNG,NFI-02601026.PNG,0
81,026,02,02,NFI-00102026.PNG,NFI-02602026.PNG,0
82,026,02,03,NFI-00102026.PNG,NFI-02603026.PNG,0
83,026,02,04,NFI-00102026.PNG,NFI-02604026.PNG,0
84,026,02,05,NFI-00102026.PNG,NFI-02605026.PNG,0
85,026,03,01,NFI-00103026.PNG,NFI-02601026.PNG,0
86,026,03,02,NFI-00103026.PNG,NFI-02602026.PNG,0
87,026,03,03,NFI-00103026.PNG,NFI-02603026.PNG,0
88,026,03,04,NFI-00103026.PNG,NFI-02604026.PNG,0
89,026,03,05,NFI-00103026.PNG,NFI-02605026.PNG,0
90,026,04,01,NFI-00104026.PNG,NFI-02601026.PNG,0
91,026,04,02,NFI-00104026.PNG,NFI-02602026.PNG,0
92,026,04,03,NFI-00104026.PNG,NFI-02603026.PNG,0
93,026,04,04,NFI-00104026.PNG,NFI-02604026.PNG,0
94,026,04,05,NFI-00104026.PNG,NFI-02605026.PNG,0
95,026,05,01,NFI-00105026.PNG,NFI-02601026.PNG,0
96,026,05,02,NFI-00105026.PNG,NFI-02602026.PNG,0
97,026,05,03,NFI-00105026.PNG,NFI-02603026.PNG,0
98,026,05,04,NFI-00105026.PNG,NFI-02604026.PNG,0
99,026,05,05,NFI-00105026.PNG,NFI-02605026.PNG,0
100,027,01,01,NFI-00101027.PNG,NFI-02701027.PNG,0
101,027,01,02,NFI-00101027.PNG,NFI-02702027.PNG,0
102,027,01,03,NFI-00101027.PNG,NFI-02703027.PNG,0
103,027,01,04,NFI-00101027.PNG,NFI-02704027.PNG,0
104,027,01,05,NFI-00101027.PNG,NFI-02705027.PNG,0
105,027,02,01,NFI-00102027.PNG,NFI-02701027.PNG,0
106,027,02,02,NFI-00102027.PNG,NFI-02702027.PNG,0
107,027,02,03,NFI-00102027.PNG,NFI-02703027.PNG,0
108,027,02,04,NFI-00102027.PNG,NFI-02704027.PNG,0
109,027,02,05,NFI-00102027.PNG,NFI-02705027.PNG,0
110,027,03,01,NFI-00103027.PNG,NFI-02701027.PNG,0
111,027,03,02,NFI-00103027.PNG,NFI-02702027.PNG,0
112,027,03,03,NFI-00103027.PNG,NFI-02703027.PNG,0
113,027,03,04,NFI-00103027.PNG,NFI-02704027.PNG,0
114,027,03,05,NFI-00103027.PNG,NFI-02705027.PNG,0
115,027,04,01,NFI-00104027.PNG,NFI-02701027.PNG,0
116,027,04,02,NFI-00104027.PNG,NFI-02702027.PNG,0
117,027,04,03,NFI-00104027.PNG,NFI-02703027.PNG,0
118,027,04,04,NFI-00104027.PNG,NFI-02704027.PNG,0
119,027,04,05,NFI-00104027.PNG,NFI-02705027.PNG,0
120,027,05,01,NFI-00105027.PNG,NFI-02701027.PNG,0
121,027,05,02,NFI-00105027.PNG,NFI-02702027.PNG,0
122,027,05,03,NFI-00105027.PNG,NFI-02703027.PNG,0
123,027,05,04,NFI-00105027.PNG,NFI-02704027.PNG,0
124,027,05,05,NFI-00105027.PNG,NFI-02705027.PNG,0
125,028,01,01,NFI-00101028.PNG,NFI-02801028.PNG,0
126,028,01,02,NFI-00101028.PNG,NFI-02802028.PNG,0
127,028,01,03,NFI-00101028.PNG,NFI-02803028.PNG,0
128,028,01,04,NFI-00101028.PNG,NFI-02804028.PNG,0
129,028,01,05,NFI-00101028.PNG,NFI-02805028.PNG,0
130,028,02,01,NFI-00102028.PNG,NFI-02801028.PNG,0
131,028,02,02,NFI-00102028.PNG,NFI-02802028.PNG,0
132,028,02,03,NFI-00102028.PNG,NFI-02803028.PNG,0
133,028,02,04,NFI-00102028.PNG,NFI-02804028.PNG,0
134,028,02,05,NFI-00102028.PNG,NFI-02805028.PNG,0
135,028,03,01,NFI-00103028.PNG,NFI-02801028.PNG,0
136,028,03,02,NFI-00103028.PNG,NFI-02802028.PNG,0
137,028,03,03,NFI-00103028.PNG,NFI-02803028.PNG,0
138,028,03,04,NFI-00103028.PNG,NFI-02804028.PNG,0
139,028,03,05,NFI-00103028.PNG,NFI-02805028.PNG,0
140,028,04,01,NFI-00104028.PNG,NFI-02801028.PNG,0
141,028,04,02,NFI-00104028.PNG,NFI-02802028.PNG,0
142,028,04,03,NFI-00104028.PNG,NFI-02803028.PNG,0
143,028,04,04,NFI-00104028.PNG,NFI-02804028.PNG,0
144,028,04,05,NFI-00104028.PNG,NFI-02805028.PNG,0
145,028,05,01,NFI-00105028.PNG,NFI-02801028.PNG,0
146,028,05,02,NFI-00105028.PNG,NFI-02802028.PNG,0
147,028,05,03,NFI-00105028.PNG,NFI-02803028.PNG,0
148,028,05,04,NFI-00105028.PNG,NFI-02804028.PNG,0
149,028,05,05,NFI-00105028.PNG,NFI-02805028.PNG,0
150,029,01,01,NFI-00101029.PNG,NFI-02901029.PNG,0
151,029,01,02,NFI-00101029.PNG,NFI-02902029.PNG,0
152,029,01,03,NFI-00101029.PNG,NFI-02903029.PNG,0
153,029,01,04,NFI-00101029.PNG,NFI-02904029.PNG,0
154,029,01,05,NFI-00101029.PNG,NFI-02905029.PNG,0
155,029,02,01,NFI-00102029.PNG,NFI-02901029.PNG,0
156,029,02,02,NFI-00102029.PNG,NFI-02902029.PNG,0
157,029,02,03,NFI-00102029.PNG,NFI-02903029.PNG,0
158,029,02,04,NFI-00102029.PNG,NFI-02904029.PNG,0
159,029,02,05,NFI-00102029.PNG,NFI-02905029.PNG,0
160,029,03,01,NFI-00103029.PNG,NFI-02901029.PNG,0
161,029,03,02,NFI-00103029.PNG,NFI-02902029.PNG,0
162,029,03,03,NFI-00103029.PNG,NFI-02903029.PNG,0
163,029,03,04,NFI-00103029.PNG,NFI-02904029.PNG,0
164,029,03,05,NFI-00103029.PNG,NFI-02905029.PNG,0
165,029,04,01,NFI-00104029.PNG,NFI-02901029.PNG,0
166,029,04,02,NFI-00104029.PNG,NFI-02902029.PNG,0
167,029,04,03,NFI-00104029.PNG,NFI-02903029.PNG,0
168,029,04,04,NFI-00104029.PNG,NFI-02904029.PNG,0
169,029,04,05,NFI-00104029.PNG,NFI-02905029.PNG,0
170,029,05,01,NFI-00105029.PNG,NFI-02901029.PNG,0
171,029,05,02,NFI-00105029.PNG,NFI-02902029.PNG,0
172,029,05,03,NFI-00105029.PNG,NFI-02903029.PNG,0
173,029,05,04,NFI-00105029.PNG,NFI-02904029.PNG,0
174,029,05,05,NFI-00105029.PNG,NFI-02905029.PNG,0
175,030,01,01,NFI-00101030.PNG,NFI-03001030.PNG,0
176,030,01,02,NFI-00101030.PNG,NFI-03002030.PNG,0
177,030,01,03,NFI-00101030.PNG,NFI-03003030.PNG,0
178,030,01,04,NFI-00101030.PNG,NFI-03004030.PNG,0
179,030,01,05,NFI-00101030.PNG,NFI-03005030.PNG,0
180,030,02,01,NFI-00102030.PNG,NFI-03001030.PNG,0
181,030,02,02,NFI-00102030.PNG,NFI-03002030.PNG,0
182,030,02,03,NFI-00102030.PNG,NFI-03003030.PNG,0
183,030,02,04,NFI-00102030.PNG,NFI-03004030.PNG,0
184,030,02,05,NFI-00102030.PNG,NFI-03005030.PNG,0
185,030,03,01,NFI-00103030.PNG,NFI-03001030.PNG,0
186,030,03,02,NFI-00103030.PNG,NFI-03002030.PNG,0
187,030,03,03,NFI-00103030.PNG,NFI-03003030.PNG,0
188,030,03,04,NFI-00103030.PNG,NFI-03004030.PNG,0
189,030,03,05,NFI-00103030.PNG,NFI-03005030.PNG,0
190,030,04,01,NFI-00104030.PNG,NFI-03001030.PNG,0
191,030,04,02,NFI-00104030.PNG,NFI-03002030.PNG,0
192,030,04,03,NFI-00104030.PNG,NFI-03003030.PNG,0
193,030,04,04,NFI-00104030.PNG,NFI-03004030.PNG,0
194,030,04,05,NFI-00104030.PNG,NFI-03005030.PNG,0
195,030,05,01,NFI-00105030.PNG,NFI-03001030.PNG,0
196,030,05,02,NFI-00105030.PNG,NFI-03002030.PNG,0
197,030,05,03,NFI-00105030.PNG,NFI-03003030.PNG,0
198,030,05,04,NFI-00105030.PNG,NFI-03004030.PNG,0
199,030,05,05,NFI-00105030.PNG,NFI-03005030.PNG,0
200,001,01,01,NFI-00301001.png,NFI-00101001.png,0
201,001,01,02,NFI-00301001.png,NFI-00102001.png,0
202,001,01,03,NFI-00301001.png,NFI-00103001.png,0
203,001,01,04,NFI-00301001.png,NFI-00104001.png,0
204,001,01,05,NFI-00301001.png,NFI-00105001.png,0
205,001,02,01,NFI-00302001.png,NFI-00101001.png,0
206,001,02,02,NFI-00302001.png,NFI-00102001.png,0
207,001,02,03,NFI-00302001.png,NFI-00103001.png,0
208,001,02,04,NFI-00302001.png,NFI-00104001.png,0
209,001,02,05,NFI-00302001.png,NFI-00105001.png,0
210,001,03,01,NFI-00303001.png,NFI-00101001.png,0
211,001,03,02,NFI-00303001.png,NFI-00102001.png,0
212,001,03,03,NFI-00303001.png,NFI-00103001.png,0
213,001,03,04,NFI-00303001.png,NFI-00104001.png,0
214,001,03,05,NFI-00303001.png,NFI-00105001.png,0
215,001,04,01,NFI-00304001.png,NFI-00101001.png,0
216,001,04,02,NFI-00304001.png,NFI-00102001.png,0
217,001,04,03,NFI-00304001.png,NFI-00103001.png,0
218,001,04,04,NFI-00304001.png,NFI-00104001.png,0
219,001,04,05,NFI-00304001.png,NFI-00105001.png,0
220,001,05,01,NFI-00305001.png,NFI-00101001.png,0
221,001,05,02,NFI-00305001.png,NFI-00102001.png,0
222,001,05,03,NFI-00305001.png,NFI-00103001.png,0
223,001,05,04,NFI-00305001.png,NFI-00104001.png,0
224,001,05,05,NFI-00305001.png,NFI-00105001.png,0
225,002,01,01,NFI-00301002.png,NFI-00201002.png,0
226,002,01,02,NFI-00301002.png,NFI-00202002.png,0
227,002,01,03,NFI-00301002.png,NFI-00203002.png,0
228,002,01,04,NFI-00301002.png,NFI-00204002.png,0
229,002,01,05,NFI-00301002.png,NFI-00205002.png,0
230,002,02,01,NFI-00302002.png,NFI-00201002.png,0
231,002,02,02,NFI-00302002.png,NFI-00202002.png,0
232,002,02,03,NFI-00302002.png,NFI-00203002.png,0
233,002,02,04,NFI-00302002.png,NFI-00204002.png,0
234,002,02,05,NFI-00302002.png,NFI-00205002.png,0
235,002,03,01,NFI-00303002.png,NFI-00201002.png,0
236,002,03,02,NFI-00303002.png,NFI-00202002.png,0
237,002,03,03,NFI-00303002.png,NFI-00203002.png,0
238,002,03,04,NFI-00303002.png,NFI-00204002.png,0
239,002,03,05,NFI-00303002.png,NFI-00205002.png,0
240,002,04,01,NFI-00304002.png,NFI-00201002.png,0
241,002,04,02,NFI-00304002.png,NFI-00202002.png,0
242,002,04,03,NFI-00304002.png,NFI-00203002.png,0
243,002,04,04,NFI-00304002.png,NFI-00204002.png,0
244,002,04,05,NFI-00304002.png,NFI-00205002.png,0
245,002,05,01,NFI-00305002.png,NFI-00201002.png,0
246,002,05,02,NFI-00305002.png,NFI-00202002.png,0
247,002,05,03,NFI-00305002.png,NFI-00203002.png,0
248,002,05,04,NFI-00305002.png,NFI-00204002.png,0
249,002,05,05,NFI-00305002.png,NFI-00205002.png,0
250,005,01,01,NFI-00301005.png,NFI-00501005.png,0
251,005,01,02,NFI-00301005.png,NFI-00502005.png,0
252,005,01,03,NFI-00301005.png,NFI-00503005.png,0
253,005,01,04,NFI-00301005.png,NFI-00504005.png,0
254,005,01,05,NFI-00301005.png,NFI-00505005.png,0
255,005,02,01,NFI-00302005.png,NFI-00501005.png,0
256,005,02,02,NFI-00302005.png,NFI-00502005.png,0
257,005,02,03,NFI-00302005.png,NFI-00503005.png,0
258,005,02,04,NFI-00302005.png,NFI-00504005.png,0
259,005,02,05,NFI-00302005.png,NFI-00505005.png,0
260,005,03,01,NFI-00303005.png,NFI-00501005.png,0
261,005,03,02,NFI-00303005.png,NFI-00502005.png,0
262,005,03,03,NFI-00303005.png,NFI-00503005.png,0
263,005,03,04,NFI-00303005.png,NFI-00504005.png,0
264,005,03,05,NFI-00303005.png,NFI-00505005.png,0
265,005,04,01,NFI-00304005.png,NFI-00501005.png,0
266,005,04,02,NFI-00304005.png,NFI-00502005.png,0
267,005,04,03,NFI-00304005.png,NFI-00503005.png,0
268,005,04,04,NFI-00304005.png,NFI-00504005.png,0
269,005,04,05,NFI-00304005.png,NFI-00505005.png,0
270,005,05,01,NFI-00305005.png,NFI-00501005.png,0
271,005,05,02,NFI-00305005.png,NFI-00502005.png,0
272,005,05,03,NFI-00305005.png,NFI-00503005.png,0
273,005,05,04,NFI-00305005.png,NFI-00504005.png,0
274,005,05,05,NFI-00305005.png,NFI-00505005.png,0
275,009,01,01,NFI-00301009.png,NFI-00901009.png,0
276,009,01,02,NFI-00301009.png,NFI-00902009.png,0
277,009,01,03,NFI-00301009.png,NFI-00903009.png,0
278,009,01,04,NFI-00301009.png,NFI-00904009.png,0
279,009,01,05,NFI-00301009.png,NFI-00905009.png,0
280,009,02,01,NFI-00302009.png,NFI-00901009.png,0
281,009,02,02,NFI-00302009.png,NFI-00902009.png,0
282,009,02,03,NFI-00302009.png,NFI-00903009.png,0
283,009,02,04,NFI-00302009.png,NFI-00904009.png,0
284,009,02,05,NFI-00302009.png,NFI-00905009.png,0
285,009,03,01,NFI-00303009.png,NFI-00901009.png,0
286,009,03,02,NFI-00303009.png,NFI-00902009.png,0
287,009,03,03,NFI-00303009.png,NFI-00903009.png,0
288,009,03,04,NFI-00303009.png,NFI-00904009.png,0
289,009,03,05,NFI-00303009.png,NFI-00905009.png,0
290,009,04,01,NFI-00304009.png,NFI-00901009.png,0
291,009,04,02,NFI-00304009.png,NFI-00902009.png,0
292,009,04,03,NFI-00304009.png,NFI-00903009.png,0
293,009,04,04,NFI-00304009.png,NFI-00904009.png,0
294,009,04,05,NFI-00304009.png,NFI-00905009.png,0
295,009,05,01,NFI-00305009.png,NFI-00901009.png,0
296,009,05,02,NFI-00305009.png,NFI-00902009.png,0
297,009,05,03,NFI-00305009.png,NFI-00903009.png,0
298,009,05,04,NFI-00305009.png,NFI-00904009.png,0
299,009,05,05,NFI-00305009.png,NFI-00905009.png,0
300,009,05,01,NFI-02505009.png,NFI-00901009.png,0
301,009,05,02,NFI-02505009.png,NFI-00902009.png,0
302,009,05,03,NFI-02505009.png,NFI-00903009.png,0
303,009,05,04,NFI-02505009.png,NFI-00904009.png,0
304,009,05,05,NFI-02505009.png,NFI-00905009.png,0
305,018,01,01,NFI-00301018.png,NFI-01801018.png,0
306,018,01,02,NFI-00301018.png,NFI-01802018.png,0
307,018,01,03,NFI-00301018.png,NFI-01803018.png,0
308,018,01,04,NFI-00301018.png,NFI-01804018.png,0
309,018,01,05,NFI-00301018.png,NFI-01805018.png,0
310,018,02,01,NFI-00302018.png,NFI-01801018.png,0
311,018,02,02,NFI-00302018.png,NFI-01802018.png,0
312,018,02,03,NFI-00302018.png,NFI-01803018.png,0
313,018,02,04,NFI-00302018.png,NFI-01804018.png,0
314,018,02,05,NFI-00302018.png,NFI-01805018.png,0
315,018,03,01,NFI-00303018.png,NFI-01801018.png,0
316,018,03,02,NFI-00303018.png,NFI-01802018.png,0
317,018,03,03,NFI-00303018.png,NFI-01803018.png,0
318,018,03,04,NFI-00303018.png,NFI-01804018.png,0
319,018,03,05,NFI-00303018.png,NFI-01805018.png,0
320,018,04,01,NFI-00304018.png,NFI-01801018.png,0
321,018,04,02,NFI-00304018.png,NFI-01802018.png,0
322,018,04,03,NFI-00304018.png,NFI-01803018.png,0
323,018,04,04,NFI-00304018.png,NFI-01804018.png,0
324,018,04,05,NFI-00304018.png,NFI-01805018.png,0
325,018,05,01,NFI-00305018.png,NFI-01801018.png,0
326,018,05,02,NFI-00305018.png,NFI-01802018.png,0
327,018,05,03,NFI-00305018.png,NFI-01803018.png,0
328,018,05,04,NFI-00305018.png,NFI-01804018.png,0
329,018,05,05,NFI-00305018.png,NFI-01805018.png,0
330,003,01,01,NFI-00401003.png,NFI-00301003.png,0
331,003,01,02,NFI-00401003.png,NFI-00302003.png,0
332,003,01,03,NFI-00401003.png,NFI-00303003.png,0
333,003,01,04,NFI-00401003.png,NFI-00304003.png,0
334,003,01,05,NFI-00401003.png,NFI-00305003.png,0
335,003,02,01,NFI-00402003.png,NFI-00301003.png,0
336,003,02,02,NFI-00402003.png,NFI-00302003.png,0
337,003,02,03,NFI-00402003.png,NFI-00303003.png,0
338,003,02,04,NFI-00402003.png,NFI-00304003.png,0
339,003,02,05,NFI-00402003.png,NFI-00305003.png,0
340,003,03,01,NFI-00403003.png,NFI-00301003.png,0
341,003,03,02,NFI-00403003.png,NFI-00302003.png,0
342,003,03,03,NFI-00403003.png,NFI-00303003.png,0
343,003,03,04,NFI-00403003.png,NFI-00304003.png,0
344,003,03,05,NFI-00403003.png,NFI-00305003.png,0
345,003,04,01,NFI-00404003.png,NFI-00301003.png,0
346,003,04,02,NFI-00404003.png,NFI-00302003.png,0
347,003,04,03,NFI-00404003.png,NFI-00303003.png,0
348,003,04,04,NFI-00404003.png,NFI-00304003.png,0
349,003,04,05,NFI-00404003.png,NFI-00305003.png,0
350,003,05,01,NFI-00405003.png,NFI-00301003.png,0
351,003,05,02,NFI-00405003.png,NFI-00302003.png,0
352,003,05,03,NFI-00405003.png,NFI-00303003.png,0
353,003,05,04,NFI-00405003.png,NFI-00304003.png,0
354,003,05,05,NFI-00405003.png,NFI-00305003.png,0
355,007,01,01,NFI-00401007.png,NFI-00701007.png,0
356,007,01,02,NFI-00401007.png,NFI-00702007.png,0
357,007,01,03,NFI-00401007.png,NFI-00703007.png,0
358,007,01,04,NFI-00401007.png,NFI-00704007.png,0
359,007,01,05,NFI-00401007.png,NFI-00705007.png,0
360,007,02,01,NFI-00402007.png,NFI-00701007.png,0
361,007,02,02,NFI-00402007.png,NFI-00702007.png,0
362,007,02,03,NFI-00402007.png,NFI-00703007.png,0
363,007,02,04,NFI-00402007.png,NFI-00704007.png,0
364,007,02,05,NFI-00402007.png,NFI-00705007.png,0
365,007,03,01,NFI-00403007.png,NFI-00701007.png,0
366,007,03,02,NFI-00403007.png,NFI-00702007.png,0
367,007,03,03,NFI-00403007.png,NFI-00703007.png,0
368,007,03,04,NFI-00403007.png,NFI-00704007.png,0
369,007,03,05,NFI-00403007.png,NFI-00705007.png,0
370,007,04,01,NFI-00404007.png,NFI-00701007.png,0
371,007,04,02,NFI-00404007.png,NFI-00702007.png,0
372,007,04,03,NFI-00404007.png,NFI-00703007.png,0
373,007,04,04,NFI-00404007.png,NFI-00704007.png,0
374,007,04,05,NFI-00404007.png,NFI-00705007.png,0
375,007,05,01,NFI-00405007.png,NFI-00701007.png,0
376,007,05,02,NFI-00405007.png,NFI-00702007.png,0
377,007,05,03,NFI-00405007.png,NFI-00703007.png,0
378,007,05,04,NFI-00405007.png,NFI-00704007.png,0
379,007,05,05,NFI-00405007.png,NFI-00705007.png,0
380,013,01,01,NFI-00401013.png,NFI-01301013.png,0
381,013,01,02,NFI-00401013.png,NFI-01302013.png,0
382,013,01,03,NFI-00401013.png,NFI-01303013.png,0
383,013,01,04,NFI-00401013.png,NFI-01304013.png,0
384,013,01,05,NFI-00401013.png,NFI-01305013.png,0
385,013,02,01,NFI-00402013.png,NFI-01301013.png,0
386,013,02,02,NFI-00402013.png,NFI-01302013.png,0
387,013,02,03,NFI-00402013.png,NFI-01303013.png,0
388,013,02,04,NFI-00402013.png,NFI-01304013.png,0
389,013,02,05,NFI-00402013.png,NFI-01305013.png,0
390,013,03,01,NFI-00403013.png,NFI-01301013.png,0
391,013,03,02,NFI-00403013.png,NFI-01302013.png,0
392,013,03,03,NFI-00403013.png,NFI-01303013.png,0
393,013,03,04,NFI-00403013.png,NFI-01304013.png,0
394,013,03,05,NFI-00403013.png,NFI-01305013.png,0
395,013,04,01,NFI-00404013.png,NFI-01301013.png,0
396,013,04,02,NFI-00404013.png,NFI-01302013.png,0
397,013,04,03,NFI-00404013.png,NFI-01303013.png,0
398,013,04,04,NFI-00404013.png,NFI-01304013.png,0
399,013,04,05,NFI-00404013.png,NFI-01305013.png,0
400,013,05,01,NFI-00405013.png,NFI-01301013.png,0
401,013,05,02,NFI-00405013.png,NFI-01302013.png,0
402,013,05,03,NFI-00405013.png,NFI-01303013.png,0
403,013,05,04,NFI-00405013.png,NFI-01304013.png,0
404,013,05,05,NFI-00405013.png,NFI-01305013.png,0
405,024,01,01,NFI-00401024.png,NFI-02401024.png,0
406,024,01,02,NFI-00401024.png,NFI-02402024.png,0
407,024,01,03,NFI-00401024.png,NFI-02403024.png,0
408,024,01,04,NFI-00401024.png,NFI-02404024.png,0
409,024,01,05,NFI-00401024.png,NFI-02405024.png,0
410,024,02,01,NFI-00402024.png,NFI-02401024.png,0
411,024,02,02,NFI-00402024.png,NFI-02402024.png,0
412,024,02,03,NFI-00402024.png,NFI-02403024.png,0
413,024,02,04,NFI-00402024.png,NFI-02404024.png,0
414,024,02,05,NFI-00402024.png,NFI-02405024.png,0
415,024,03,01,NFI-00403024.png,NFI-02401024.png,0
416,024,03,02,NFI-00403024.png,NFI-02402024.png,0
417,024,03,03,NFI-00403024.png,NFI-02403024.png,0
418,024,03,04,NFI-00403024.png,NFI-02404024.png,0
419,024,03,05,NFI-00403024.png,NFI-02405024.png,0
420,024,04,01,NFI-00404024.png,NFI-02401024.png,0
421,024,04,02,NFI-00404024.png,NFI-02402024.png,0
422,024,04,03,NFI-00404024.png,NFI-02403024.png,0
423,024,04,04,NFI-00404024.png,NFI-02404024.png,0
424,024,04,05,NFI-00404024.png,NFI-02405024.png,0
425,024,05,01,NFI-00405024.png,NFI-02401024.png,0
426,024,05,02,NFI-00405024.png,NFI-02402024.png,0
427,024,05,03,NFI-00405024.png,NFI-02403024.png,0
428,024,05,04,NFI-00405024.png,NFI-02404024.png,0
429,024,05,05,NFI-00405024.png,NFI-02405024.png,0
430,015,01,01,NFI-00501015.png,NFI-01501015.png,0
431,015,01,02,NFI-00501015.png,NFI-01502015.png,0
432,015,01,03,NFI-00501015.png,NFI-01503015.png,0
433,015,01,04,NFI-00501015.png,NFI-01504015.png,0
434,015,01,05,NFI-00501015.png,NFI-01505015.png,0
435,015,02,01,NFI-00502015.png,NFI-01501015.png,0
436,015,02,02,NFI-00502015.png,NFI-01502015.png,0
437,015,02,03,NFI-00502015.png,NFI-01503015.png,0
438,015,02,04,NFI-00502015.png,NFI-01504015.png,0
439,015,02,05,NFI-00502015.png,NFI-01505015.png,0
440,015,03,01,NFI-00503015.png,NFI-01501015.png,0
441,015,03,02,NFI-00503015.png,NFI-01502015.png,0
442,015,03,03,NFI-00503015.png,NFI-01503015.png,0
443,015,03,04,NFI-00503015.png,NFI-01504015.png,0
444,015,03,05,NFI-00503015.png,NFI-01505015.png,0
445,015,04,01,NFI-00504015.png,NFI-01501015.png,0
446,015,04,02,NFI-00504015.png,NFI-01502015.png,0
447,015,04,03,NFI-00504015.png,NFI-01503015.png,0
448,015,04,04,NFI-00504015.png,NFI-01504015.png,0
449,015,04,05,NFI-00504015.png,NFI-01505015.png,0
450,015,05,01,NFI-00505015.png,NFI-01501015.png,0
451,015,05,02,NFI-00505015.png,NFI-01502015.png,0
452,015,05,03,NFI-00505015.png,NFI-01503015.png,0
453,015,05,04,NFI-00505015.png,NFI-01504015.png,0
454,015,05,05,NFI-00505015.png,NFI-01505015.png,0
455,022,01,01,NFI-00501022.png,NFI-02201022.png,0
456,022,01,02,NFI-00501022.png,NFI-02202022.png,0
457,022,01,03,NFI-00501022.png,NFI-02203022.png,0
458,022,01,04,NFI-00501022.png,NFI-02204022.png,0
459,022,01,05,NFI-00501022.png,NFI-02205022.png,0
460,022,02,01,NFI-00502022.png,NFI-02201022.png,0
461,022,02,02,NFI-00502022.png,NFI-02202022.png,0
462,022,02,03,NFI-00502022.png,NFI-02203022.png,0
463,022,02,04,NFI-00502022.png,NFI-02204022.png,0
464,022,02,05,NFI-00502022.png,NFI-02205022.png,0
465,022,03,01,NFI-00503022.png,NFI-02201022.png,0
466,022,03,02,NFI-00503022.png,NFI-02202022.png,0
467,022,03,03,NFI-00503022.png,NFI-02203022.png,0
468,022,03,04,NFI-00503022.png,NFI-02204022.png,0
469,022,03,05,NFI-00503022.png,NFI-02205022.png,0
470,022,04,01,NFI-00504022.png,NFI-02201022.png,0
471,022,04,02,NFI-00504022.png,NFI-02202022.png,0
472,022,04,03,NFI-00504022.png,NFI-02203022.png,0
473,022,04,04,NFI-00504022.png,NFI-02204022.png,0
474,022,04,05,NFI-00504022.png,NFI-02205022.png,0
475,022,05,01,NFI-00505022.png,NFI-02201022.png,0
476,022,05,02,NFI-00505022.png,NFI-02202022.png,0
477,022,05,03,NFI-00505022.png,NFI-02203022.png,0
478,022,05,04,NFI-00505022.png,NFI-02204022.png,0
479,022,05,05,NFI-00505022.png,NFI-02205022.png,0
480,011,01,01,NFI-00701011.png,NFI-01101011.png,0
481,011,01,02,NFI-00701011.png,NFI-01102011.png,0
482,011,01,03,NFI-00701011.png,NFI-01103011.png,0
483,011,01,04,NFI-00701011.png,NFI-01104011.png,0
484,011,01,05,NFI-00701011.png,NFI-01105011.png,0
485,011,02,01,NFI-00702011.png,NFI-01101011.png,0
486,011,02,02,NFI-00702011.png,NFI-01102011.png,0
487,011,02,03,NFI-00702011.png,NFI-01103011.png,0
488,011,02,04,NFI-00702011.png,NFI-01104011.png,0
489,011,02,05,NFI-00702011.png,NFI-01105011.png,0
490,011,03,01,NFI-00703011.png,NFI-01101011.png,0
491,011,03,02,NFI-00703011.png,NFI-01102011.png,0
492,011,03,03,NFI-00703011.png,NFI-01103011.png,0
493,011,03,04,NFI-00703011.png,NFI-01104011.png,0
494,011,03,05,NFI-00703011.png,NFI-01105011.png,0
495,011,04,01,NFI-00704011.png,NFI-01101011.png,0
496,011,04,02,NFI-00704011.png,NFI-01102011.png,0
497,011,04,03,NFI-00704011.png,NFI-01103011.png,0
498,011,04,04,NFI-00704011.png,NFI-01104011.png,0
499,011,04,05,NFI-00704011.png,NFI-01105011.png,0
500,011,05,01,NFI-00705011.png,NFI-01101011.png,0
501,011,05,02,NFI-00705011.png,NFI-01102011.png,0
502,011,05,03,NFI-00705011.png,NFI-01103011.png,0
503,011,05,04,NFI-00705011.png,NFI-01104011.png,0
504,011,05,05,NFI-00705011.png,NFI-01105011.png,0
505,023,01,01,NFI-00701023.png,NFI-02301023.png,0
506,023,01,02,NFI-00701023.png,NFI-02302023.png,0
507,023,01,03,NFI-00701023.png,NFI-02303023.png,0
508,023,01,04,NFI-00701023.png,NFI-02304023.png,0
509,023,01,05,NFI-00701023.png,NFI-02305023.png,0
510,023,02,01,NFI-00702023.png,NFI-02301023.png,0
511,023,02,02,NFI-00702023.png,NFI-02302023.png,0
512,023,02,03,NFI-00702023.png,NFI-02303023.png,0
513,023,02,04,NFI-00702023.png,NFI-02304023.png,0
514,023,02,05,NFI-00702023.png,NFI-02305023.png,0
515,023,03,01,NFI-00703023.png,NFI-02301023.png,0
516,023,03,02,NFI-00703023.png,NFI-02302023.png,0
517,023,03,03,NFI-00703023.png,NFI-02303023.png,0
518,023,03,04,NFI-00703023.png,NFI-02304023.png,0
519,023,03,05,NFI-00703023.png,NFI-02305023.png,0
520,023,04,01,NFI-00704023.png,NFI-02301023.png,0
521,023,04,02,NFI-00704023.png,NFI-02302023.png,0
522,023,04,03,NFI-00704023.png,NFI-02303023.png,0
523,023,04,04,NFI-00704023.png,NFI-02304023.png,0
524,023,04,05,NFI-00704023.png,NFI-02305023.png,0
525,023,05,01,NFI-00705023.png,NFI-02301023.png,0
526,023,05,02,NFI-00705023.png,NFI-02302023.png,0
527,023,05,03,NFI-00705023.png,NFI-02303023.png,0
528,023,05,04,NFI-00705023.png,NFI-02304023.png,0
529,023,05,05,NFI-00705023.png,NFI-02305023.png,0
530,012,01,01,NFI-01101012.png,NFI-01201012.png,0
531,012,01,02,NFI-01101012.png,NFI-01202012.png,0
532,012,01,03,NFI-01101012.png,NFI-01203012.png,0
533,012,01,04,NFI-01101012.png,NFI-01204012.png,0
534,012,01,05,NFI-01101012.png,NFI-01205012.png,0
535,012,02,01,NFI-01102012.png,NFI-01201012.png,0
536,012,02,02,NFI-01102012.png,NFI-01202012.png,0
537,012,02,03,NFI-01102012.png,NFI-01203012.png,0
538,012,02,04,NFI-01102012.png,NFI-01204012.png,0
539,012,02,05,NFI-01102012.png,NFI-01205012.png,0
540,012,03,01,NFI-01103012.png,NFI-01201012.png,0
541,012,03,02,NFI-01103012.png,NFI-01202012.png,0
542,012,03,03,NFI-01103012.png,NFI-01203012.png,0
543,012,03,04,NFI-01103012.png,NFI-01204012.png,0
544,012,03,05,NFI-01103012.png,NFI-01205012.png,0
545,012,04,01,NFI-01104012.png,NFI-01201012.png,0
546,012,04,02,NFI-01104012.png,NFI-01202012.png,0
547,012,04,03,NFI-01104012.png,NFI-01203012.png,0
548,012,04,04,NFI-01104012.png,NFI-01204012.png,0
549,012,04,05,NFI-01104012.png,NFI-01205012.png,0
550,012,05,01,NFI-01105012.png,NFI-01201012.png,0
551,012,05,02,NFI-01105012.png,NFI-01202012.png,0
552,012,05,03,NFI-01105012.png,NFI-01203012.png,0
553,012,05,04,NFI-01105012.png,NFI-01204012.png,0
554,012,05,05,NFI-01105012.png,NFI-01205012.png,0
555,016,01,01,NFI-01101016.png,NFI-01601016.png,0
556,016,01,02,NFI-01101016.png,NFI-01602016.png,0
557,016,01,03,NFI-01101016.png,NFI-01603016.png,0
558,016,01,04,NFI-01101016.png,NFI-01604016.png,0
559,016,01,05,NFI-01101016.png,NFI-01605016.png,0
560,016,02,01,NFI-01102016.png,NFI-01601016.png,0
561,016,02,02,NFI-01102016.png,NFI-01602016.png,0
562,016,02,03,NFI-01102016.png,NFI-01603016.png,0
563,016,02,04,NFI-01102016.png,NFI-01604016.png,0
564,016,02,05,NFI-01102016.png,NFI-01605016.png,0
565,016,03,01,NFI-01103016.png,NFI-01601016.png,0
566,016,03,02,NFI-01103016.png,NFI-01602016.png,0
567,016,03,03,NFI-01103016.png,NFI-01603016.png,0
568,016,03,04,NFI-01103016.png,NFI-01604016.png,0
569,016,03,05,NFI-01103016.png,NFI-01605016.png,0
570,016,04,01,NFI-01104016.png,NFI-01601016.png,0
571,016,04,02,NFI-01104016.png,NFI-01602016.png,0
572,016,04,03,NFI-01104016.png,NFI-01603016.png,0
573,016,04,04,NFI-01104016.png,NFI-01604016.png,0
574,016,04,05,NFI-01104016.png,NFI-01605016.png,0
575,016,05,01,NFI-01105016.png,NFI-01601016.png,0
576,016,05,02,NFI-01105016.png,NFI-01602016.png,0
577,016,05,03,NFI-01105016.png,NFI-01603016.png,0
578,016,05,04,NFI-01105016.png,NFI-01604016.png,0
579,016,05,05,NFI-01105016.png,NFI-01605016.png,0
580,021,01,01,NFI-01201021.png,NFI-02101021.png,0
581,021,01,02,NFI-01201021.png,NFI-02102021.png,0
582,021,01,03,NFI-01201021.png,NFI-02103021.png,0
583,021,01,04,NFI-01201021.png,NFI-02104021.png,0
584,021,01,05,NFI-01201021.png,NFI-02105021.png,0
585,021,02,01,NFI-01202021.png,NFI-02101021.png,0
586,021,02,02,NFI-01202021.png,NFI-02102021.png,0
587,021,02,03,NFI-01202021.png,NFI-02103021.png,0
588,021,02,04,NFI-01202021.png,NFI-02104021.png,0
589,021,02,05,NFI-01202021.png,NFI-02105021.png,0
590,021,03,01,NFI-01203021.png,NFI-02101021.png,0
591,021,03,02,NFI-01203021.png,NFI-02102021.png,0
592,021,03,03,NFI-01203021.png,NFI-02103021.png,0
593,021,03,04,NFI-01203021.png,NFI-02104021.png,0
594,021,03,05,NFI-01203021.png,NFI-02105021.png,0
595,021,04,01,NFI-01204021.png,NFI-02101021.png,0
596,021,04,02,NFI-01204021.png,NFI-02102021.png,0
597,021,04,03,NFI-01204021.png,NFI-02103021.png,0
598,021,04,04,NFI-01204021.png,NFI-02104021.png,0
599,021,04,05,NFI-01204021.png,NFI-02105021.png,0
600,021,05,01,NFI-01205021.png,NFI-02101021.png,0
601,021,05,02,NFI-01205021.png,NFI-02102021.png,0
602,021,05,03,NFI-01205021.png,NFI-02103021.png,0
603,021,05,04,NFI-01205021.png,NFI-02104021.png,0
604,021,05,05,NFI-01205021.png,NFI-02105021.png,0
605,017,01,01,NFI-01301017.png,NFI-01701017.png,0
606,017,01,02,NFI-01301017.png,NFI-01702017.png,0
607,017,01,03,NFI-01301017.png,NFI-01703017.png,0
608,017,01,04,NFI-01301017.png,NFI-01704017.png,0
609,017,01,05,NFI-01301017.png,NFI-01705017.png,0
610,017,02,01,NFI-01302017.png,NFI-01701017.png,0
611,017,02,02,NFI-01302017.png,NFI-01702017.png,0
612,017,02,03,NFI-01302017.png,NFI-01703017.png,0
613,017,02,04,NFI-01302017.png,NFI-01704017.png,0
614,017,02,05,NFI-01302017.png,NFI-01705017.png,0
615,017,03,01,NFI-01303017.png,NFI-01701017.png,0
616,017,03,02,NFI-01303017.png,NFI-01702017.png,0
617,017,03,03,NFI-01303017.png,NFI-01703017.png,0
618,017,03,04,NFI-01303017.png,NFI-01704017.png,0
619,017,03,05,NFI-01303017.png,NFI-01705017.png,0
620,017,04,01,NFI-01304017.png,NFI-01701017.png,0
621,017,04,02,NFI-01304017.png,NFI-01702017.png,0
622,017,04,03,NFI-01304017.png,NFI-01703017.png,0
623,017,04,04,NFI-01304017.png,NFI-01704017.png,0
624,017,04,05,NFI-01304017.png,NFI-01705017.png,0
625,017,05,01,NFI-01305017.png,NFI-01701017.png,0
626,017,05,02,NFI-01305017.png,NFI-01702017.png,0
627,017,05,03,NFI-01305017.png,NFI-01703017.png,0
628,017,05,04,NFI-01305017.png,NFI-01704017.png,0
629,017,05,05,NFI-01305017.png,NFI-01705017.png,0
630,020,01,01,NFI-01701020.png,NFI-02001020.png,0
631,020,01,02,NFI-01701020.png,NFI-02002020.png,0
632,020,01,03,NFI-01701020.png,NFI-02003020.png,0
633,020,01,04,NFI-01701020.png,NFI-02004020.png,0
634,020,01,05,NFI-01701020.png,NFI-02005020.png,0
635,020,02,01,NFI-01702020.png,NFI-02001020.png,0
636,020,02,02,NFI-01702020.png,NFI-02002020.png,0
637,020,02,03,NFI-01702020.png,NFI-02003020.png,0
638,020,02,04,NFI-01702020.png,NFI-02004020.png,0
639,020,02,05,NFI-01702020.png,NFI-02005020.png,0
640,020,03,01,NFI-01703020.png,NFI-02001020.png,0
641,020,03,02,NFI-01703020.png,NFI-02002020.png,0
642,020,03,03,NFI-01703020.png,NFI-02003020.png,0
643,020,03,04,NFI-01703020.png,NFI-02004020.png,0
644,020,03,05,NFI-01703020.png,NFI-02005020.png,0
645,020,04,01,NFI-01704020.png,NFI-02001020.png,0
646,020,04,02,NFI-01704020.png,NFI-02002020.png,0
647,020,04,03,NFI-01704020.png,NFI-02003020.png,0
648,020,04,04,NFI-01704020.png,NFI-02004020.png,0
649,020,04,05,NFI-01704020.png,NFI-02005020.png,0
650,020,05,01,NFI-01705020.png,NFI-02001020.png,0
651,020,05,02,NFI-01705020.png,NFI-02002020.png,0
652,020,05,03,NFI-01705020.png,NFI-02003020.png,0
653,020,05,04,NFI-01705020.png,NFI-02004020.png,0
654,020,05,05,NFI-01705020.png,NFI-02005020.png,0
655,008,01,01,NFI-02301008.png,NFI-00801008.png,0
656,008,01,02,NFI-02301008.png,NFI-00802008.png,0
657,008,01,03,NFI-02301008.png,NFI-00803008.png,0
658,008,01,04,NFI-02301008.png,NFI-00804008.png,0
659,008,01,05,NFI-02301008.png,NFI-00805008.png,0
660,008,03,01,NFI-02303008.png,NFI-00801008.png,0
661,008,03,02,NFI-02303008.png,NFI-00802008.png,0
662,008,03,03,NFI-02303008.png,NFI-00803008.png,0
663,008,03,04,NFI-02303008.png,NFI-00804008.png,0
664,008,03,05,NFI-02303008.png,NFI-00805008.png,0
665,008,04,01,NFI-02304008.png,NFI-00801008.png,0
666,008,04,02,NFI-02304008.png,NFI-00802008.png,0
667,008,04,03,NFI-02304008.png,NFI-00803008.png,0
668,008,04,04,NFI-02304008.png,NFI-00804008.png,0
669,008,04,05,NFI-02304008.png,NFI-00805008.png,0
670,008,05,01,NFI-02305008.png,NFI-00801008.png,0
671,008,05,02,NFI-02305008.png,NFI-00802008.png,0
672,008,05,03,NFI-02305008.png,NFI-00803008.png,0
673,008,05,04,NFI-02305008.png,NFI-00804008.png,0
674,008,05,05,NFI-02305008.png,NFI-00805008.png,0
675,008,06,01,NFI-02306008.png,NFI-00801008.png,0
676,008,06,02,NFI-02306008.png,NFI-00802008.png,0
677,008,06,03,NFI-02306008.png,NFI-00803008.png,0
678,008,06,04,NFI-02306008.png,NFI-00804008.png,0
679,008,06,05,NFI-02306008.png,NFI-00805008.png,0
680,010,01,01,NFI-02501010.png,NFI-01001010.png,0
681,010,01,02,NFI-02501010.png,NFI-01002010.png,0
682,010,01,03,NFI-02501010.png,NFI-01003010.png,0
683,010,01,04,NFI-02501010.png,NFI-01004010.png,0
684,010,01,05,NFI-02501010.png,NFI-01005010.png,0
685,010,02,01,NFI-02502010.png,NFI-01001010.png,0
686,010,02,02,NFI-02502010.png,NFI-01002010.png,0
687,010,02,03,NFI-02502010.png,NFI-01003010.png,0
688,010,02,04,NFI-02502010.png,NFI-01004010.png,0
689,010,02,05,NFI-02502010.png,NFI-01005010.png,0
690,010,03,01,NFI-02503010.png,NFI-01001010.png,0
691,010,03,02,NFI-02503010.png,NFI-01002010.png,0
692,010,03,03,NFI-02503010.png,NFI-01003010.png,0
693,010,03,04,NFI-02503010.png,NFI-01004010.png,0
694,010,03,05,NFI-02503010.png,NFI-01005010.png,0
695,010,04,01,NFI-02504010.png,NFI-01001010.png,0
696,010,04,02,NFI-02504010.png,NFI-01002010.png,0
697,010,04,03,NFI-02504010.png,NFI-01003010.png,0
698,010,04,04,NFI-02504010.png,NFI-01004010.png,0
699,010,04,05,NFI-02504010.png,NFI-01005010.png,0
700,006,01,01,NFI-03301006.png,NFI-00601006.png,0
701,006,01,02,NFI-03301006.png,NFI-00602006.png,0
702,006,01,03,NFI-03301006.png,NFI-00603006.png,0
703,006,01,04,NFI-03301006.png,NFI-00604006.png,0
704,006,01,05,NFI-03301006.png,NFI-00605006.png,0
705,006,02,01,NFI-03302006.png,NFI-00601006.png,0
706,006,02,02,NFI-03302006.png,NFI-00602006.png,0
707,006,02,03,NFI-03302006.png,NFI-00603006.png,0
708,006,02,04,NFI-03302006.png,NFI-00604006.png,0
709,006,02,05,NFI-03302006.png,NFI-00605006.png,0
710,006,03,01,NFI-03303006.png,NFI-00601006.png,0
711,006,03,02,NFI-03303006.png,NFI-00602006.png,0
712,006,03,03,NFI-03303006.png,NFI-00603006.png,0
713,006,03,04,NFI-03303006.png,NFI-00604006.png,0
714,006,03,05,NFI-03303006.png,NFI-00605006.png,0
715,006,04,01,NFI-03304006.png,NFI-00601006.png,0
716,006,04,02,NFI-03304006.png,NFI-00602006.png,0
717,006,04,03,NFI-03304006.png,NFI-00603006.png,0
718,006,04,04,NFI-03304006.png,NFI-00604006.png,0
719,006,04,05,NFI-03304006.png,NFI-00605006.png,0
720,006,05,01,NFI-03305006.png,NFI-00601006.png,0
721,006,05,02,NFI-03305006.png,NFI-00602006.png,0
722,006,05,03,NFI-03305006.png,NFI-00603006.png,0
723,006,05,04,NFI-03305006.png,NFI-00604006.png,0
724,006,05,05,NFI-03305006.png,NFI-00605006.png,0
725,004,01,01,NFI-08801004.png,NFI-00401004.png,0
726,004,01,02,NFI-08801004.png,NFI-00402004.png,0
727,004,01,03,NFI-08801004.png,NFI-00403004.png,0
728,004,01,04,NFI-08801004.png,NFI-00404004.png,0
729,004,01,05,NFI-08801004.png,NFI-00405004.png,0
730,004,02,01,NFI-08802004.png,NFI-00401004.png,0
731,004,02,02,NFI-08802004.png,NFI-00402004.png,0
732,004,02,03,NFI-08802004.png,NFI-00403004.png,0
733,004,02,04,NFI-08802004.png,NFI-00404004.png,0
734,004,02,05,NFI-08802004.png,NFI-00405004.png,0
735,004,03,01,NFI-08803004.png,NFI-00401004.png,0
736,004,03,02,NFI-08803004.png,NFI-00402004.png,0
737,004,03,03,NFI-08803004.png,NFI-00403004.png,0
738,004,03,04,NFI-08803004.png,NFI-00404004.png,0
739,004,03,05,NFI-08803004.png,NFI-00405004.png,0
740,004,04,01,NFI-08804004.png,NFI-00401004.png,0
741,004,04,02,NFI-08804004.png,NFI-00402004.png,0
742,004,04,03,NFI-08804004.png,NFI-00403004.png,0
743,004,04,04,NFI-08804004.png,NFI-00404004.png,0
744,004,04,05,NFI-08804004.png,NFI-00405004.png,0
745,004,05,01,NFI-08805004.png,NFI-00401004.png,0
746,004,05,02,NFI-08805004.png,NFI-00402004.png,0
747,004,05,03,NFI-08805004.png,NFI-00403004.png,0
748,004,05,04,NFI-08805004.png,NFI-00404004.png,0
749,004,05,05,NFI-08805004.png,NFI-00405004.png,0
